,RM,DIS,MEDV
0,0.4136718893017581,0.14021360349292905,0.1596856587150597
1,0.19427445318162764,0.5571598750882428,-0.1015242873296184
2,1.282713681725651,0.5571598750882428,1.3242466681642504
3,1.0163025092940647,1.0777366189304816,1.1827579473900494
4,1.2285766520336716,1.0777366189304816,1.4875028844421743
5,0.20709638126656957,1.0777366189304816,0.6712218030525545
6,-0.3884109453452136,0.839243922020929,0.039964433444582
7,-0.16046555716845437,1.024637886132401,0.4970818390227692
8,-0.9312059009411201,1.0871964647915542,-0.6565954226745598
9,-0.39980821475405154,1.3296347255527103,-0.3953854766298817
10,0.13158947143301822,1.2129791389041071,-0.8198516389524837
11,-0.39268492137352673,1.1559348422544233,-0.3953854766298817
12,-0.5636439625060962,0.7871434644142177,-0.09064053957775704
13,-0.47816444193981206,0.4337540466694266,-0.23212926035195783
14,-0.26873961655241435,0.317003386193074,-0.47157171089291283
15,-0.6420001896918579,0.3344494335851022,-0.28654799911126577
16,-0.49810966340527885,0.3344494335851022,0.061731928948305495
17,-0.41975343621951705,0.22002808188861175,-0.5477579451559439
18,-1.18052116925945,0.0006927612705775703,-0.25389675585568094
19,-0.7944386680350646,0.0006927612705775703,-0.47157171089291283
20,-1.0181100801835095,0.0013582780648238077,-0.972224107478546
21,-0.45536990312213615,0.10327742141225876,-0.31919924236685027
22,-0.20320531745159578,0.08644935390060221,-0.7980841434487606
23,-0.6719180218900574,0.14268552301441548,-0.8742703777117917
24,-0.5137809088424299,0.2873878888491134,-0.7545491524413142
25,-0.9767949785764719,0.31353319148021835,-0.9395728642229612
26,-0.6719180218900574,0.4216321336313692,-0.6457116749226981
27,-0.33854789168154736,0.3129627485137216,-0.8416191344562068
28,0.29969919521337846,0.31358072839409296,-0.4498042153891897
29,0.554713098236128,0.2110436051662864,-0.16682677384078812
30,-0.8143838895005313,0.2081913903338021,-1.0701778372453004
31,-0.30293142477892826,0.180619980286455,-0.8742703777117917
32,-0.47673978326370686,0.09267668961819274,-1.0157590984859926
33,-0.8314797936137889,-0.003728171719772962,-1.026642846237854
34,-0.26873961655241435,-0.016753286121450797,-0.9831078552304076
35,-0.500958980757488,-0.20666325705102287,-0.3953854766298817
36,-0.6320275789591239,-0.19829676020906933,-0.27566425135940403
37,-0.619205650874182,0.06615109167608976,-0.16682677384078812
38,-0.4539452444460309,0.02484151351894378,0.23587189297809075
39,0.4421650628238524,0.7634700813045987,0.8997805058416481
40,1.0533436348727878,0.7634700813045987,1.3460141636679732
41,0.6914803311421823,0.9154931318760063,0.4426631002634613
42,-0.16473953319676876,0.9154931318760063,0.30117437948926046
43,-0.10490386880036852,0.9154931318760063,0.23587189297809075
44,-0.3072054008072427,0.9154931318760063,-0.145059278337065
45,-0.8585483084597779,0.6205265812832662,-0.35185048562243515
46,-0.7103838061448857,0.6205265812832662,-0.27566425135940403
47,-0.36276708917532724,0.9005190040054641,-0.6457116749226981
48,-1.2617267137974209,0.9863706704632383,-0.8851541254636532
49,-0.9725210025481575,1.0898585319685394,-0.34096673787057374
50,-0.4582192204743453,1.4354518958378737,-0.3083154946149889
51,-0.24167110170642406,1.4354518958378737,-0.2212455126000961
52,0.3224937340310544,1.4354518958378737,0.26852313623367563
53,-0.4083561668106791,1.4354518958378737,0.09438317220388996
54,-0.5650686211822014,1.6755133109052929,-0.3953854766298817
55,1.3738918369963546,2.3300490780465393,1.4004329024272812
56,0.140137423489647,2.5634553251714953,0.23587189297809075
57,0.7570146302430009,2.153306832260269,0.986850487856541
58,-0.19893134142328264,1.9108685714991132,0.0834994244520286
59,-0.5095069328141167,1.4912126958129397,-0.31919924236685027
60,-0.7744934465695991,1.6306860011214162,-0.41715297213360486
61,-0.4539452444460309,1.4372582985651137,-0.7110141614338678
62,0.24413750684529387,1.6307335380352912,-0.03622180081844908
63,0.6800830617333443,1.9898273854450503,0.26852313623367563
64,1.1673163289611674,2.580235855769277,1.139222956382603
65,0.007644166611905868,1.3388568868444093,0.10526691995575171
66,-0.7089591474687804,1.3388568868444093,-0.34096673787057374
67,-0.5793152079432485,1.2849024895965833,-0.05798929632217219
68,-0.9839182719569954,1.2849024895965833,-0.5586416929078056
69,-0.5693425972105157,1.2849024895965833,-0.17771052159264986
70,0.18857581847720803,0.7093730733151489,0.18145315421878278
71,-0.4610685378265545,0.7093730733151489,-0.09064053957775704
72,-0.312904035511661,0.7093730733151489,0.029080685692720636
73,-0.056465473812807504,0.7093730733151489,0.09438317220388996
74,-0.016575030881875275,0.21698571940062852,0.17056940646692142
75,0.0019455319074862549,0.33635091014009183,-0.1232917828333419
76,-0.008027078825246487,0.12224465004827874,-0.27566425135940403
77,-0.20605463480380623,0.1404512880623026,-0.18859426934451123
78,-0.07498603660216903,0.5795022246093688,-0.145059278337065
79,-0.5850138426476681,0.33635091014009183,-0.2430130081038192
80,0.6302200080696794,0.7632799336490999,0.5950355687895235
81,0.4763568710503662,0.7632799336490999,0.14880191096319792
82,0.024740070725162176,0.7632799336490999,0.2467556407299525
83,-0.16758885054897793,0.7632799336490999,0.039964433444582
84,0.14868537554627578,0.46793308774536224,0.14880191096319792
85,0.4920281164875186,0.305499453035388,0.4426631002634613
86,-0.3841369693168992,0.3005080770785405,-0.00357055756286422
87,-0.23312314964979527,-0.02255278961416864,-0.03622180081844908
88,1.0291244373790067,-0.1774755919319347,0.11615066770761347
89,1.1316998620585483,-0.18089824973091578,0.6712218030525545
90,0.18857581847720803,-0.3340621862353167,0.007313190188997528
91,0.1714799143639517,-0.3341572600630662,-0.05798929632217219
92,0.22419228537982713,-0.06139044824982817,0.039964433444582
93,-0.10490386880036852,-0.06139044824982817,0.26852313623367563
94,-0.05076683910838916,-0.08558673741206901,-0.21036176484823435
95,0.484904823106995,-0.14253596023400336,0.6385705597969696
96,-0.1732874852533963,-0.14253596023400336,-0.1232917828333419
97,2.5421119514022466,-0.14253596023400336,1.7595965782387142
98,2.1873719410521644,-0.14253596023400336,2.314667713583655
99,1.611809835905848,-0.14253596023400336,1.1609904518863265
100,0.6302200080696794,-0.48356578037136283,0.5406168300302154
101,0.7071515765793346,-0.44634437680744415,0.4317793525115995
102,0.1714799143639517,-0.5135615730263214,-0.4280367198854662
103,-0.21032861083212062,-0.5135615730263214,-0.35185048562243515
104,-0.16758885054897793,-0.6531774890764226,-0.2647805036075423
105,-0.6177809921980768,-0.8024909355569698,-0.330082990118712
106,-0.6391508723396475,-0.7530050082133692,-0.330082990118712
107,-0.22457519759316774,-0.7951227139063857,-0.23212926035195783
108,0.26978136301517897,-0.6475205963253289,-0.2974317468631272
109,-0.07926001263048343,-0.5941841789578746,-0.34096673787057374
110,-0.12769840761804443,-0.48356578037136283,-0.09064053957775704
111,0.6131241039564218,-0.5312453049877234,0.029080685692720636
112,-0.5294521542795823,-0.6853124428557443,-0.40626922438174307
113,-0.27443825125683396,-0.5928056084555072,-0.41715297213360486
114,-0.04364354572786559,-0.731375712400364,-0.43892046763732795
115,-0.5080822741380115,-0.6331644483351586,-0.46068796314105104
116,-0.15476692246403476,-0.506240888289612,-0.145059278337065
117,-0.37558901726027044,-0.4980170021892828,-0.3627342333742969
118,-0.5878631599998773,-0.6263191327371964,-0.23212926035195783
119,-0.7887400333306462,-0.49240764635206385,-0.35185048562243515
120,-0.5907124773520864,-0.7308052694338673,-0.05798929632217219
121,-0.39980821475405154,-0.7594700285003333,-0.2430130081038192
122,-0.4610685378265545,-0.811998318331917,-0.2212455126000961
123,-0.6106576988175532,-0.8797384206034166,-0.569525440659667
124,-0.5778905492671446,-0.8503130709149547,-0.40626922438174307
125,-0.42545207092393666,-0.8566830173741694,-0.1232917828333419
126,-0.9568497571110052,-0.9687275233769231,-0.7436654046894526
127,-0.8428770630226269,-0.9539435431618801,-0.6892466659301447
128,0.20852103994267476,-0.942439610004194,-0.4933392063966359
129,-0.9226579488844926,-0.8628628161778851,-0.8960378732155148
130,0.24698682419750306,-0.7969766535475004,-0.3627342333742969
131,0.058931878951676064,-0.7244828598885273,-0.31919924236685027
132,0.12446617805249466,-0.6976720404631759,0.05084818119644375
133,-0.6590960938051142,-0.6299319381916764,-0.4498042153891897
134,-0.7516989077519232,-0.6888301744824749,-0.7545491524413142
135,0.07175380703661924,-0.8006845328297298,-0.4824554586447742
136,-0.4881370526725448,-0.8690426149816008,-0.5586416929078056
137,0.24128818949308345,-0.9247083411289172,-0.5912929361633901
138,-0.609233040141448,-1.0108452290699397,-1.0048753507341308
139,-0.19038338936665386,-1.0107976921560649,-0.515106701900359
140,-0.15761623981624392,-1.037798659236915,-0.9286891164710996
141,-1.8030970107172235,-1.1197998356708356,-0.8851541254636532
142,-1.2560280790930025,-1.1757983202152753,-0.9939916029822692
143,-1.1634252651461936,-1.132920023900263,-0.7545491524413142
144,-1.9683574171453746,-1.1642468501437142,-1.1681315670120547
145,-0.22030122156485335,-1.129449829187407,-0.9504566119748228
146,-0.9354798769694345,-1.0831013381595391,-0.7545491524413142
147,-1.9355902675949646,-1.1096269361016422,-0.8633866299599301
148,-1.5651790118077316,-1.0769215393558234,-0.515106701900359
149,-0.9796442959286811,-1.0787754789969382,-0.7763166479450373
150,-0.23169849097369133,-1.0348989074905561,-0.11240803508148016
151,-1.2546034204168974,-1.047448652753487,-0.31919924236685027
152,-1.8130696214499575,-1.038606786772786,-0.7872003956968988
153,-0.8200825242049509,-1.0324269879690702,-0.34096673787057374
154,-0.22172588024095857,-0.9724354026591526,-0.6021766839152518
155,-0.18895873069054864,-0.9742893423002674,-0.7545491524413142
156,-1.4426583656627232,-0.9786152014628685,-1.026642846237854
157,0.937946282108303,-0.9116356898133647,2.042574019787115
158,-0.31147937683555704,-0.9686799864630485,0.19233690197064454
159,0.32106907535494916,-0.964591811869821,0.0834994244520286
160,-0.04934218043228394,-0.9491423148605318,0.48619809127090746
161,1.7158099192614935,-0.8671411384266113,2.989460074199074
162,2.161728084882278,-0.8339603725420452,2.989460074199074
163,2.978057506290297,-0.7762980960119901,2.989460074199074
164,-0.6135070161697623,-0.6527021199376751,0.01819693794085889
165,-0.2616163231718908,-0.71858828256806,0.26852313623367563
166,2.3426597367475814,-0.831488453020559,2.989460074199074
167,-0.5807398666193537,-0.6508481802965604,0.13791816321133657
168,0.04895926821894332,-0.8057709826143266,0.13791816321133657
169,0.16720593833563732,-0.7285234975678797,-0.02533805306658733
170,-0.5835891839715629,-0.6508481802965604,-0.5586416929078056
171,-0.5764658905910394,-0.6685319122579624,-0.37361798112615824
172,-1.0152607628313002,-0.569940352881759,0.061731928948305495
173,0.18715115980110408,-0.5460768221166412,0.11615066770761347
174,-0.6063837227892388,-0.5196462980022877,0.007313190188997528
175,0.37235678769472064,-0.31504742068542213,0.7474080373155856
176,-0.37701367593637564,-0.11415642265078575,0.07261567670016686
177,0.04326063351452497,-0.22700905618941017,0.2249881452262294
178,0.8196996119916103,-0.4182025237936003,0.8018267760748935
179,0.9906586531241797,-0.45922688046749766,1.5963403619607903
180,2.1090157138664027,-0.5010593646772658,1.879317803509191
181,-0.20035600009938662,-0.5690846884320137,1.4875028844421743
182,1.2399739214425096,-0.5202642778826593,1.672526596223821
183,0.3965759851885005,-0.4506702359700452,1.084804217623295
184,-0.9696716851959484,-0.38369072432054163,0.42089560475973775
185,-0.1875340720144447,-0.24497800963406047,0.7691755328193091
186,2.2030431864893165,-0.28324522530322344,2.989460074199074
187,0.7085762352554399,-0.0030626549255265137,1.0303854788639872
188,0.38660337445576776,0.36682207193379784,0.7909430283230322
189,1.282713681725651,0.36682207193379784,1.3460141636679732
190,0.949343551517141,1.2762507712713813,1.5745728664570668
191,0.6473159121829356,1.2762507712713813,0.8671292625860633
192,1.2727410709929183,1.2762507712713813,1.509270379945897
193,0.734220091425325,1.1525597213693168,0.9324317490972329
194,0.4549869909087955,1.1525597213693168,0.7147567940600011
195,2.2657281682379247,0.8810288693168221,2.989460074199074
196,1.4280288666883354,1.670426861120696,1.1718741996381876
197,1.1715903049894818,1.670426861120696,0.8453617670823401
198,1.4095083038989737,1.670426861120696,1.3133629204123887
199,0.9835353597436549,1.8341439925052887,1.3460141636679732
200,1.2114807479204142,1.8341439925052887,1.1283392086307413
201,-0.17471214392950152,1.1765183259621839,0.17056940646692142
202,1.8881936190701682,1.1765183259621839,2.151411497305731
203,2.2343856773636204,0.6288930781252201,2.82620385792115
204,2.49224889773858,0.6288930781252201,2.989460074199074
205,-0.560794645153887,0.07147522603006008,0.007313190188997528
206,0.058931878951676064,0.2661388883471059,0.2032206497225059
207,-0.7146577821731989,0.2661388883471059,-0.00357055756286422
208,-0.3143286941877662,0.21113867899403607,0.2032206497225059
209,-1.3400829409831814,0.0380092386622457,-0.27566425135940403
210,-0.46249319650265974,0.039007513853615165,-0.09064053957775704
211,-1.2546034204168974,-0.061818280474700865,-0.35185048562243515
212,-0.680465973946685,-0.06771285779516817,-0.014454305314725968
213,0.12874015408080905,0.07147522603006008,0.6059193165413852
214,-1.2432061510080594,-0.09865938872762169,0.12703441545947483
215,-0.14621897040740597,0.07147522603006008,0.26852313623367563
216,-0.5650686211822014,-0.3246498772881189,0.0834994244520286
217,0.5091240206007762,-0.1777608134151831,0.6712218030525545
218,-0.4753151245876029,-0.43056212140103167,-0.11240803508148016
219,0.12589083672859988,-0.2052371496347807,0.05084818119644375
220,0.949343551517141,-0.44368230963045896,0.45354684801532263
221,-0.17186282657729235,-0.35512103908182485,-0.09064053957775704
222,0.8467681268375994,-0.24859081508854045,0.5406168300302154
223,0.47493221237426225,-0.24859081508854045,0.823594271578617
224,2.82276971059488,-0.42813773879342004,2.423505191102271
225,3.476688042926957,-0.42813773879342004,2.989460074199074
226,2.5007968497952064,-0.2754016345138918,1.6398753529682366
227,1.2513711908513476,-0.2754016345138918,0.986850487856541
228,1.9964676784541282,-0.1996277937975618,2.6302963983876415
229,0.38090473975134814,-0.1996277937975618,0.9759667401046792
230,-0.43257536430446025,-0.05872838107284301,0.19233690197064454
231,1.6061112012014283,-0.05872838107284301,0.9977342356084022
232,2.923920476598316,0.020610728184092174,2.086109010794562
233,2.7957011957488893,-0.0680456161922914,2.8044363624174267
234,0.6287953493935742,-0.0680456161922914,0.7038730463081393
235,-0.2829862033134615,-0.0680456161922914,0.1596856587150597
236,0.4934527751636238,0.1677850135402761,0.27940688398553737
237,1.5291796326917717,0.1677850135402761,0.9759667401046792
238,0.2797539737479117,1.1384412579485201,0.12703441545947483
239,0.4578363082610047,1.1384412579485201,0.0834994244520286
240,0.8724119830074857,1.207940226033385,-0.05798929632217219
241,-0.2701642752285196,1.207940226033385,-0.2647805036075423
242,0.10452095658702791,1.5404134016732918,-0.03622180081844908
243,0.15438401025069415,1.5404134016732918,0.12703441545947483
244,-0.9853429306331007,1.977467787837619,-0.5368741974040822
245,-0.9682470265198432,1.977467787837619,-0.43892046763732795
246,-0.25164371243915806,2.025289923195604,0.19233690197064454
247,-0.08353398865879783,2.025289923195604,-0.2212455126000961
248,0.21137035729488396,1.9164303904224573,0.21410439747436766
249,0.6173980799847362,1.9164303904224573,0.39912810925601466
250,0.2883019258045405,1.71211673458884,0.2032206497225059
251,0.21849365067540752,1.71211673458884,0.2467556407299525
252,0.9578915035737697,2.429924134097361,0.7691755328193091
253,2.812797099862147,2.429924134097361,2.205830236065039
254,-0.25164371243915806,2.578999896008534,-0.06887304407403394
255,-0.5821645252954577,2.578999896008534,-0.17771052159264986
256,1.6659468655978273,1.207940226033385,2.3364352090873783
257,3.4467702107287583,-0.9479063550997887,2.989460074199074
258,1.493563165789154,-0.9034118037130353,1.4657353889384508
259,0.7940557558217239,-0.8482214467044663,0.823594271578617
260,1.3083575378955374,-0.8000190160354835,1.2262929383974954
261,1.7599743382207402,-0.7868512908921814,2.2384814793206242
262,3.0108246558407057,-0.7161638999604484,2.8588551011767347
263,1.4850152137325252,-0.8158488083557707,0.9215480013453712
264,1.3126315139238518,-0.8865361992875039,1.5201541276977588
265,-1.0323566669445579,-0.8597253798621526,0.029080685692720636
266,1.0390970481117408,-0.7901313379495384,0.8888967580897863
267,2.8669341295541275,-0.652892267593174,2.989460074199074
268,1.6887414044155034,-0.43878600750136115,2.2820164703280703
269,-0.5194795435468496,0.0582124270590087,-0.19947801709637297
270,-0.6106576988175532,0.3013637415282859,-0.15594302608892638
271,-0.06358876719333108,0.3013637415282859,0.2902906317373987
272,0.3609595182858827,0.0582124270590087,0.2032206497225059
273,2.003590971834652,0.2716531703565756,1.3786654069235584
274,0.674384427028926,0.13431902617246194,1.0739204698714333
275,0.8111516599349815,0.2244965517928367,1.0303854788639872
276,1.399535693166241,0.47164096702759195,1.1609904518863265
277,0.771261217004048,0.5075788739168925,1.1501067041344648
278,0.2811786324240169,0.1641246711719215,0.7147567940600011
279,0.7513159955385825,0.14530005327752582,1.3677816591716967
280,2.1873719410521644,0.42766932169346056,2.4888076776134405
281,0.9735627490109221,0.6891223480045111,1.4004329024272812
282,1.938056672733833,0.6735302402535975,2.55411016412461
283,2.3341117846909527,0.9935012075444486,2.989460074199074
284,1.1445217901434916,1.6696187335848254,1.0521529743677107
285,0.23986353081697948,1.6696187335848254,-0.05798929632217219
286,-0.07783535395437821,2.516679001918755,-0.2647805036075423
287,-0.10775318615257896,1.6743248880584243,0.07261567670016686
288,0.04326063351452497,1.6743248880584243,-0.02533805306658733
289,0.39942530254071096,1.6743248880584243,0.2467556407299525
290,0.8211242706677142,0.6282750982448483,0.6494543075488314
291,1.2300013107097756,0.6282750982448483,1.6072241097126512
292,0.4920281164875186,0.6282750982448483,0.5841518210376616
293,-0.22457519759316774,0.8117675858013311,0.14880191096319792
294,-0.39268492137352673,0.8117675858013311,-0.09064053957775704
295,0.5604117329405464,1.029344040606,0.6603380553006931
296,0.376630763723035,1.029344040606,0.4970818390227692
297,-0.704685171440466,1.2002867828995525,-0.2430130081038192
298,0.08600039379766637,1.9170483703028287,-0.00357055756286422
299,1.077562832366569,1.9170483703028287,0.7038730463081393
300,0.8353708574287626,1.9170483703028287,0.2467556407299525
301,0.4350417694433288,0.80653852527511,-0.05798929632217219
302,0.29969919521337846,0.80653852527511,0.42089560475973775
303,0.9935079704763888,0.80653852527511,1.1501067041344648
304,1.3553712742069932,0.10788850205810843,1.4766191366903125
305,0.47208289502205186,-0.20205217640517342,0.6385705597969696
306,1.6175084706102663,-0.33078213917795973,1.1827579473900494
307,0.804028366554458,-0.2910888160925548,0.6168030642932465
308,0.49915140986804213,-0.22700905618941017,0.029080685692720636
309,-0.4453972923894021,-0.3292134210200935,-0.2430130081038192
310,-1.868631309818042,-0.6064011658236819,-0.700130413682006
311,-0.23169849097369133,-0.5489290369491255,-0.047105548570310435
312,-0.3727396999080613,-0.4568500347737609,-0.34096673787057374
313,-0.026547641614608014,-0.253011748078891,-0.1015242873296184
314,0.4022746198929201,-0.09162392547416062,0.13791816321133657
315,-0.8257811589093692,0.07128507837456116,-0.6892466659301447
316,-0.5280274956034783,0.09676486421142005,-0.515106701900359
317,-0.7160824408493041,0.11249958270395767,-0.2974317468631272
318,0.13871276481354178,-0.1248046913587266,0.061731928948305495
319,-0.24452041905863323,0.09833358236928628,-0.16682677384078812
320,0.2013977465621512,0.35431986358474216,0.13791816321133657
321,0.13016481275691427,0.35431986358474216,0.061731928948305495
322,-0.34709584373817487,0.4402190669563909,-0.23212926035195783
323,-0.8215071828810548,0.4402190669563909,-0.43892046763732795
324,0.18572650112499886,0.4402190669563909,0.26852313623367563
325,0.20852103994267476,0.7705055445580599,0.2249881452262294
326,0.03898665748621058,0.7705055445580599,0.05084818119644375
327,-0.2872601793417759,0.7705055445580599,-0.03622180081844908
328,-0.5935617947042956,0.6748137369282153,-0.35185048562243515
329,0.06890448968441007,0.6748137369282153,0.007313190188997528
330,-0.20035600009938662,0.9880819993627287,-0.2974317468631272
331,-0.824356500233264,1.352737665695832,-0.5912929361633901
332,-0.36134243049922327,1.352737665695832,-0.34096673787057374
333,0.044685292190628924,1.2660778717021877,-0.03622180081844908
334,0.03613734013400014,1.2660778717021877,-0.19947801709637297
335,-0.3527944784425945,1.0411807321608093,-0.15594302608892638
336,-0.5921371360281917,0.6826573277175467,-0.330082990118712
337,-0.5550960104494687,0.8651515400826604,-0.43892046763732795
338,-0.3214519875682898,0.4835251954962758,-0.21036176484823435
339,-0.42687672960004064,0.4835251954962758,-0.38450172887802
340,-0.45109592709382174,0.4835251954962758,-0.41715297213360486
341,1.3624945675875169,1.5415542876062853,1.1065717131270185
342,0.36380883563809185,1.1750446816320672,-0.6565954226745598
343,0.5860555891104314,0.9208172662299766,0.14880191096319792
344,0.8396448334570757,1.2694054556734191,0.9433154968490943
345,-0.38556162799300314,2.0053719562820893,-0.5477579451559439
346,-0.5508220344211542,2.0053719562820893,-0.5804091884115288
347,0.32961702741157795,2.253372035966589,0.061731928948305495
348,0.49915140986804213,2.162433919724218,0.21410439747436766
349,0.9322476474038847,2.3754468307969123,0.4426631002634613
350,0.2925759018328549,2.3754468307969123,0.039964433444582
351,0.4193705240061764,3.2872999127421076,0.17056940646692142
352,-0.5707672558866197,3.2872999127421076,-0.4280367198854662
353,0.6316446667457833,3.9605176870361256,0.823594271578617
354,-0.8856168233057682,3.2280689180541855,-0.47157171089291283
355,-0.4966850047291736,3.2280689180541855,-0.21036176484823435
356,-0.10347921012426457,-0.7952177877341352,-0.515106701900359
357,0.15723332760290332,-0.6131514075938945,-0.09064053957775704
358,-0.22457519759316774,-0.5097586199163425,0.01819693794085889
359,-0.24594507773473845,-0.6112974679527796,0.007313190188997528
360,0.1615073036312177,-0.6069716087901786,0.26852313623367563
361,-0.04791752175617872,-0.7128363159892168,-0.28654799911126577
362,-1.3144390848132963,-0.804059653714836,-0.18859426934451123
363,-0.6861646086511045,-0.8986105754116869,-0.623944179418975
364,3.555044270112717,-0.8986105754116869,-0.06887304407403394
365,-3.8802493604779404,-1.0371806793565437,0.5406168300302154
366,-1.882877896579089,-0.9710568321567853,-0.06887304407403394
367,-3.4500024402943077,-1.0859535529920232,0.061731928948305495
368,-1.8729052858463564,-1.170616796602929,2.989460074199074
369,0.5675350263210699,-1.1591128634452428,2.989460074199074
370,1.0419463654639498,-1.2324623215539612,2.989460074199074
371,-0.09778057541984496,-1.2482921138742482,2.989460074199074
372,-0.5835891839715629,-1.2670691948547694,2.989460074199074
373,-1.9640834411170602,-1.2458677312666369,-0.9504566119748228
374,-3.058221304365503,-1.2635514632280387,-0.9504566119748228
375,1.4650699922670585,-1.1783177766506363,-0.8198516389524837
376,0.5190966313335089,-1.1647222192824618,-0.9395728642229612
377,0.7256721393686961,-1.1584948835648712,-1.0048753507341308
378,0.1358634474613326,-1.1451370107660703,-1.026642846237854
379,-0.08780796468711222,-1.1451370107660703,-1.3422715310418403
380,0.9735627490109221,-1.1306857889481503,-1.320504035538117
381,0.3709321290186154,-1.081865378398796,-1.266085296778809
382,-1.0665484751710717,-1.0527727871074573,-1.2225503057713625
383,-1.0893430139887477,-1.0752577473702076,-1.1137128282527466
384,-2.7305498088614115,-1.119752298756961,-1.4946439995679024
385,-1.4355350722821996,-1.1261222452161757,-1.668783963597688
386,-2.3259467448476645,-1.106584573613659,-1.3096202877862555
387,-1.8301655255632139,-1.082245673709794,-1.6470164680939647
388,-2.001124566695783,-1.0484469279448563,-1.3422715310418403
389,-1.2745486418823642,-0.9825607653144716,-1.2007828102676394
390,-0.8143838895005313,-0.8882475281869944,-0.8089678912006222
391,-0.33284925697712775,-0.7735409550072552,0.07261567670016686
392,-1.7788778132234435,-0.9626427984009569,-1.3966902698011483
393,-0.13054772497025488,-0.9525649726595129,-0.9504566119748228
394,-0.5664932798583066,-0.956890831822114,-1.0701778372453004
395,0.2655073869868646,-0.9837016512474653,-1.026642846237854
396,0.1714799143639517,-1.0069472021322112,-1.0919453327490236
397,-0.7659454945129702,-1.027578222753847,-1.5272952428234872
398,-1.1847951452877643,-1.0959363049057178,-1.9082264141386431
399,-0.6163563335219716,-1.0908023182072466,-1.7667376933644423
400,-0.4240274122478314,-1.0487796863419794,-1.8429239276274738
401,0.0831510764454572,-1.0557676126815656,-1.668783963597688
402,0.1700552556878465,-1.0249161555768616,-1.13548032375647
403,-1.332959647602658,-0.9945876045247799,-1.5490627383272104
404,-1.0736717685515953,-1.0399378203612784,-1.5272952428234872
405,-0.857123649783674,-1.126455003613299,-1.9082264141386431
406,-3.058221304365503,-1.2440137916255223,-1.1572478192601932
407,-0.96397305049153,-1.1931017568656794,0.5841518210376616
408,-0.9511511224065868,-1.1125266878480011,-0.5804091884115288
409,0.8083023425827723,-1.1073927011495295,0.5406168300302154
410,-0.7516989077519232,-1.132349580933766,-0.8198516389524837
411,0.5304939007423468,-1.0779198145471929,-0.5804091884115288
412,-2.3601385530741785,-1.0653700692842625,-0.5042229541484977
413,-1.609343430766978,-1.048494464858731,-0.6783629181782829
414,-2.5154263487695956,-1.0157890681129125,-1.6905514591014112
415,0.21279501597098918,-0.9318864151240025,-1.668783963597688
416,0.7085762352554399,-0.9391120260329624,-1.6361327203421032
417,-1.3970692880273712,-1.020875517897509,-1.320504035538117
418,-0.4667671725309741,-0.9471457644777929,-1.4946439995679024
419,0.7684118996518389,-0.9512339390710202,-1.538178990575349
420,0.18002786642057925,-0.9203824819663162,-0.6348279271708367
421,-0.39695889740184115,-0.9129191864879825,-0.9069216209673765
422,-0.9069867034473402,-0.8765059104599344,-0.18859426934451123
423,-0.25876700581968165,-0.8429448492643706,-0.9939916029822692
424,-1.0252333735640329,-0.8231219561786055,-1.1790153147639164
425,-0.5536713517733634,-0.8962812666318248,-1.5490627383272104
426,-0.6377262136635435,-0.8544487824220567,-1.3422715310418403
427,-0.1177257968853117,-0.9184810054113268,-1.266085296778809
428,-0.13054772497025488,-0.8839216690243934,-1.2552015490269475
429,0.1358634474613326,-0.8684246351012292,-1.4184577653048713
430,0.09027436982598078,-0.8282559428770768,-0.8742703777117917
431,0.781233827736782,-0.8113803384515454,-0.9178053687192381
432,0.19997308788604598,-0.7580439210840911,-0.700130413682006
433,0.21564433332319835,-0.7031863224726453,-0.8960378732155148
434,-0.10917784482868292,-0.7476808738593986,-1.1790153147639164
435,0.49060345781141335,-0.7940293648872668,-0.9939916029822692
436,0.2512608002258174,-0.8520719367283198,-1.4075740175530098
437,-0.18895873069054864,-0.894094568593587,-1.5055277473197641
438,-0.49810966340527885,-0.9385891199803403,-1.538178990575349
439,-0.9369045356455397,-0.9402053750520813,-1.0592940894934386
440,-0.6647947285095338,-0.9169122872534604,-1.3096202877862555
441,0.1729045730400557,-0.8223613655566095,-0.5912929361633901
442,-0.09350659939153057,-0.8510261246230758,-0.4498042153891897
443,0.28545260845233134,-0.8635758698860062,-0.7763166479450373
444,-0.6135070161697623,-0.902936434574288,-1.2769690445306705
445,0.248411482873607,-0.8590598630679062,-1.1681315670120547
446,0.08030175909324803,-0.8190813184992528,-0.8307353867043452
447,-0.04791752175617872,-0.7591848070170849,-1.081061584997162
448,-0.14194499437909286,-0.7289513297927525,-0.9178053687192381
449,0.18857581847720803,-0.7653646058208006,-1.0375265939897156
450,0.6615624989439828,-0.699478443190416,-0.9939916029822692
451,0.5276445833901376,-0.6844567784059992,-0.7980841434487606
452,0.01761677734463861,-0.6782769796022835,-0.700130413682006
453,1.579042686355438,-0.6381082873781311,-0.515106701900359
454,0.6316446667457833,-0.6174772667564954,-0.8307353867043452
455,0.34243895549652115,-0.6461420258229615,-0.9178053687192381
456,-0.4396986576849838,-0.5773085745323432,-1.0701778372453004
457,-0.4966850047291736,-0.4829002635771166,-0.9831078552304076
458,0.023315412049058223,-0.4810463239360017,-0.8307353867043452
459,-0.29010949669398506,-0.512230539437829,-0.27566425135940403
460,0.5931788824909551,-0.5692748360875126,-0.6674791704264216
461,0.13016481275691427,-0.5837260579054326,-0.5259904496522207
462,0.046109950866734147,-0.5041968009929985,-0.330082990118712
463,0.3253430513832636,-0.4722519948691755,-0.25389675585568094
464,-0.10775318615257896,-0.39533726821985193,-0.1232917828333419
465,-0.7488495903997127,-0.34632671001499865,-0.28654799911126577
466,-0.4738904659114977,-0.43902369207073466,-0.38450172887802
467,-0.4012328734301555,-0.596465950823862,-0.37361798112615824
468,-0.5109315914902207,-0.4214825708509571,-0.37361798112615824
469,-0.8143838895005313,-0.4617463369028587,-0.2647805036075423
470,-0.16758885054897793,-0.3620614285075365,-0.28654799911126577
471,-0.07926001263048343,-0.33073460226408513,-0.31919924236685027
472,0.21706899199930357,-0.42713946360205063,0.07261567670016686
473,0.9906586531241797,-0.5999836824505924,0.7909430283230322
474,-1.2218362708664887,-0.6489942406554456,-0.9504566119748228
475,-0.17471214392950152,-0.755381853907106,-1.0048753507341308
476,0.2840279497762261,-0.7081776984294926,-0.6348279271708367
477,-1.3970692880273712,-0.8054382242172036,-1.1463640715083314
478,-0.14194499437909286,-0.7722574583326374,-0.8633866299599301
479,-0.07926001263048343,-0.8765059104599344,-0.1232917828333419
480,-0.0607394498411219,-0.17628716908506634,0.05084818119644375
481,0.662987157620088,-0.22025881441919748,0.12703441545947483
482,1.1060560058886633,-0.18275218937203042,0.26852313623367563
483,-0.7445756143713995,0.14415916734453227,-0.07975679182589529
484,-0.5892878186759812,-0.033771501288606266,-0.21036176484823435
485,0.03898665748621058,0.09348481715406307,-0.145059278337065
486,-0.24309576038252928,-0.11843474489951199,-0.37361798112615824
487,-0.5408494236884203,-0.3055400379104748,-0.21036176484823435
488,-1.1833704866116606,-0.9384465092387161,-0.7980841434487606
489,-1.2403568336558501,-0.9695831878266685,-1.6905514591014112
490,-1.6976722686854726,-0.9376383817028455,-1.5708302338309337
491,-0.42972604695225103,-0.9160090858898404,-0.972224107478546
492,-0.42972604695225103,-0.8010648281407277,-0.2647805036075423
493,-0.82293184155716,-0.671859496229194,-0.07975679182589529
494,-0.5109315914902207,-0.671859496229194,0.21410439747436766
495,-0.8756442125730355,-0.4736781022854176,0.061731928948305495
496,-1.2745486418823642,-0.4736781022854176,-0.3083154946149889
497,-0.6989865367360477,-0.4289458663292906,-0.46068796314105104
498,-0.3784383346124796,-0.6588343818275162,-0.145059278337065
499,-1.0195347388596145,-0.6632077779039919,-0.5477579451559439
500,-0.36704106520364166,-0.6164789915651259,-0.623944179418975
501,0.43931574547164315,-0.6257962266845742,-0.014454305314725968
502,-0.2345478083259005,-0.7166392690991957,-0.21036176484823435
503,0.9849600184197601,-0.7736835657488795,0.14880191096319792
504,0.7256721393686961,-0.668436838430213,-0.05798929632217219
505,-0.36276708917532724,-0.613246481421644,-1.1572478192601932
